{"food": {"breakfast.": 0.589704930165895, "quality": 0.6008650106883292, "bacon": 0.6362001474014422, "selection": 0.6426341995047833, "choice": 0.6205488267370314, "breakfast": 0.6812184663548, "meals": 0.6154663817664772, "lunch": 0.5790385553765217, "choices": 0.5797258184233648, "buffet": 0.5669587141737293, "variety": 0.5882086269424711, "varied": 0.6260779069205953, "sausages": 0.6471641491900952, "dinner": 0.5792805439792184, "dishes": 0.5972973022708787, "cheese": 0.5881159710503182, "foods": 0.651703431604733, "freshly": 0.617077851807956, "menu": 0.6575190269694837, "cooked": 0.5825350872009657}, "bath": {"shampoo": 0.6712854394558538, "screen": 0.710628554236593, "gel": 0.7246617168578974, "bathtub": 0.6907173070808529, "bathroom": 0.691333598535217, "closet": 0.6319430604759297, "flooded": 0.6303181888660241, "basin": 0.6964699491315413, "mirror": 0.662541436635285, "hairdryer": 0.6406989575242393, "shower": 0.7721491250005909, "powerful": 0.6647810644395991, "rain": 0.7473537619944712, "seat": 0.6420099573796686, "tub": 0.707774928797745, "toilet": 0.6977247067648518, "sink": 0.6455191273878166, "curtain": 0.7001035784699225, "pressure": 0.6731174554832197, "power": 0.6395809448908394}, "breakfast": {"breakfast.": 0.5601933268806473, "breakfasts": 0.47270229863010166, "quality": 0.46375706768473735, "bacon": 0.446055864066714, "food": 0.6812186235996271, "selection": 0.4591479719476096, "dinner": 0.45508771987128027, "lunch": 0.41708951725290705, "spread": 0.47314026234159945, "service": 0.42669987211908716, "price.": 0.401591250110321, "buffet": 0.4259311086298381, "varied": 0.49264479202474726, "meals": 0.4598168304273581, "sausages": 0.40905986371007413, "freshly": 0.4575374559482713, "choice": 0.4187119236898417, "meal": 0.45289519078476753, "menu": 0.4873167306154471, "cooked": 0.4351586906314658}, "location": {"terrific": 0.38770709602702647, "atmosphere": 0.40035584206825386, "deco": 0.40229422018409494, "convenience": 0.3789020802429745, "everything": 0.3936408952720564, "spot": 0.38898870452132855, "value": 0.3776220196305471, "awesome": 0.37831233107099366, "cleanliness": 0.35877834709747425, "absolutely": 0.4039560852052952, "vibe": 0.4146050961561135, "position": 0.7626364562183268, "hospitality": 0.49479175015147486, "accommodation": 0.3918316384827023, "place": 0.3705535189441893, "ambience": 0.40571485497903337, "impeccable": 0.3946064672679258, "excelent": 0.4099172415018553, "staff.": 0.38072475213135576, "environment": 0.38592020095377694}, "staff": {"breakfasts": 0.4726049902843284, "welcoming": 0.4835349559103202, "employees": 0.674799075928105, "doorman": 0.5219615921534341, "polite": 0.49125612638659377, "courteous": 0.5020116692823399, "professional": 0.5147481884524101, "stuff": 0.7597989470584425, "exceptionally": 0.502482668638259, "informative": 0.5759994895673741, "attentive": 0.4755363812219978, "team": 0.621315270170133, "receptionists": 0.6567696367968668, "staff.": 0.5157921344087704, "cheerful": 0.566672610835113, "knowledgeable": 0.5427835504520675, "personnel": 0.729050553851895, "concierge": 0.48642287939862255, "staffs": 0.7112653215551669, "efficient": 0.4994962100705844}, "room": {"glazing": 0.45816373856951786, "sink": 0.3997539261708805, "tub": 0.42678530421136196, "bathtub": 0.418273952107932, "bathroom": 0.49746690983206326, "suite": 0.42435897889841684, "closet": 0.4129544933753074, "apartment": 0.49083054116970715, "basin": 0.47284125970485985, "bed.": 0.3732711012104749, "studio": 0.4267958637086309, "refrigerator": 0.41508105671902473, "rooms": 0.4742819756452539, "box": 0.3877807030533427, "bed": 0.4039661128640759, "courtyard": 0.4068988030024411, "room.": 0.44379494199053454, "kitchenette": 0.4165277116040297, "bedroom": 0.7204180653363162, "duvet": 0.3876781186664862}, "internet": {"fi": 0.5460262850323852, "bacon": 0.48674254286385343, "connection": 0.66592990983119, "espresso": 0.41809718209309676, "wi": 0.5401940610982572, "sausages": 0.41373612958475303, "facility": 0.4341561973349523, "condition": 0.4254124015535157, "available": 0.42298903219956274, "parking": 0.5158193778474545, "wifi": 0.8342065086415246, "minibar": 0.5193579742649146, "bread": 0.46811364583817544, "fast": 0.47652168144468027, "toast": 0.42639890193380925, "weak": 0.5051054435330666, "signal": 0.6609876556169473, "plates": 0.4181588909629273, "gluten": 0.5440706873479683, "speed": 0.6067138761582025}}