{"internet": {"signal.": 0.5371369176678554, "fi": 0.5348340658045958, "connection.": 0.5123684814104507, "speed": 0.5994826230993058, "3g": 0.5931551195435637, "coverage": 0.6177445358287968, "4g": 0.5699356149992508, "wi": 0.5780736728802841, "wireless": 0.7390187573278862, "wifi.": 0.5279666824752521, "internet.": 0.5616321379725778, "wlan": 0.5693665533266551, "wifi": 0.83723373204743, "connection": 0.5745204032400519, "signal": 0.556180793507289, "unreliable": 0.5226161811818754, "intermittent": 0.5436833759699825, "reliable": 0.546681650591623, "unstable": 0.5943829916720019, "stable": 0.5897312420107494}, "location": {"locations": 0.38299438897436106, "lication": 0.7161025543363093, "excelent": 0.3568002171774465, "exellent": 0.36269074459478096, "brakfast": 0.3889895006473534, "locality": 0.5211598632703572, "unbeatable": 0.39122558939270097, "grate": 0.3725849787134026, "location.": 0.36767018416987174, "breakfest": 0.40638035634319153, "localisation": 0.6645257047278449, "position": 0.7818687491175316, "wonderfull": 0.38424690216426965, "excelente": 0.43263906142405645, "localization": 0.7530109218337775, "exelent": 0.378239719709173, "everthing": 0.4367012362206561, "frendly": 0.379988038040961, "awsome": 0.3511687887876692, "accomodation": 0.4186626944059108}, "food": {"seafood": 0.5411552604304716, "foods": 0.5542934870868569, "menus": 0.508919902421581, "ingredients": 0.49168489578949864, "menu": 0.5061899079672483, "pizza": 0.4815652246722792, "breakfast": 0.49556019792989053, "meals": 0.5770676371846775, "food.": 0.5419027496797826, "bistro": 0.5256161187506686, "wines": 0.5363641027524696, "resturant": 0.49068544767322175, "brasserie": 0.4807860410600298, "selections": 0.4860773105241713, "presentation": 0.5192984856632444, "grill": 0.49716424731754105, "carvery": 0.5496119599393805, "sushi": 0.5119991752386521, "steak": 0.5195484405137766, "resteraunt": 0.5101184731745088}, "staff": {"unfailingly": 0.5019714932402393, "conceirge": 0.4864144300789154, "stafff": 0.6752091412154538, "staf": 0.6493311859628967, "concierges": 0.647258621132272, "receptionists": 0.6343071384406602, "employees": 0.6244952089306742, "approachable": 0.48098988922148855, "personnel": 0.6352443145752731, "stuff": 0.5814384233538216, "team": 0.5470613329466972, "hosts": 0.549955767104553, "consierge": 0.4933040185772596, "staffs": 0.6824133753879834, "chatty": 0.47272138388464946, "doormen": 0.5055035656469087, "personell": 0.5523422967677731, "porters": 0.5534513262472752, "personel": 0.5816049560794084, "crew": 0.5644121835865301}, "room": {"ensuite": 0.346255641030281, "bedrooms": 0.333834046175675, "studio": 0.3229597188178967, "apartment": 0.3542070351575404, "rooom": 0.5092734006773157, "rom": 0.5840942904502766, "bathtube": 0.31055933823873794, "suite": 0.3180317677556177, "suite.": 0.29784464853723475, "washroom": 0.3828343028642594, "bedroom.": 0.3814208689924654, "rooms.": 0.3085792314523137, "rm": 0.4520964829614291, "restroom": 0.29804132757127055, "toilette": 0.3249682736986507, "rooms": 0.44136060424398543, "appartment": 0.3899929340715854, "room.": 0.45427638116724983, "bathroom": 0.31512332455775244, "bedroom": 0.6029132392418856}, "breakfast": {"sevice": 0.3878058347251368, "bfast": 0.6144061752382463, "breafast": 0.5253012540458679, "brekfast": 0.6171619520287597, "breakfast.": 0.5325335505112779, "brakfast": 0.44676373376799716, "comprehensive": 0.3872525562583242, "breakfeast": 0.44840889505560316, "beakfast": 0.5474509051598812, "breakfest": 0.6788471909374895, "food.": 0.37146306427092185, "food": 0.49556003202023086, "breackfast": 0.6191021708791804, "varied": 0.38688077295028306, "brekkie": 0.5809749871362935, "carvery": 0.42509599879192533, "breakfasts": 0.5913714317167849, "resturant": 0.35105062158906086, "choice.": 0.36230288653688386, "resteraunt": 0.38425016659919253}, "bath": {"bidet": 0.5408956558955147, "showerhead": 0.557021210678553, "mat": 0.5498566578588641, "cubicle": 0.5452244695560418, "rainfall": 0.585553629813137, "tub": 0.6341836077161105, "enclosure": 0.5528362270943993, "whirlpool": 0.5940347462722314, "shower": 0.5573809509794613, "overhead": 0.5340270309344648, "mixer": 0.5383489252434435, "stopper": 0.5424159376731505, "bathing": 0.5518145399277968, "gels": 0.5474537846153601, "hose": 0.5460823643682057, "bathtub": 0.7105518712365738, "waterfall": 0.5888628465735792, "stall": 0.5769858462918174, "wc": 0.5711579027170556, "leaky": 0.5627255676956527}}